<?xml version="1.0" encoding="UTF-8"?>
<jcr:root xmlns:jcr="http://www.jcp.org/jcr/1.0" xmlns:nt="http://www.jcp.org/jcr/nt/1.0" xmlns:cq="http://www.day.com/jcr/cq/1.0" xmlns:sling="http://sling.apache.org/jcr/sling/1.0"
    jcr:primaryType="cq:Page">
    <jcr:content
        cq:lastModified="{Date}2025-05-15T15:03:32.387+05:30"
        cq:lastModifiedBy="admin"
        cq:template="/conf/honda/settings/wcm/templates/page-content"
        jcr:primaryType="cq:PageContent"
        jcr:title="Propeller Selection Calculator"
        sling:resourceType="honda/components/page">
        <root
            jcr:lastModified="{Date}2025-05-12T09:58:45.349+05:30"
            jcr:lastModifiedBy="admin"
            jcr:primaryType="nt:unstructured"
            sling:resourceType="wcm/foundation/components/responsivegrid">
            <experiencefragment-header
                jcr:lastModified="{Date}2025-05-13T11:32:57.411+05:30"
                jcr:lastModifiedBy="admin"
                jcr:primaryType="nt:unstructured"
                sling:resourceType="honda/components/experiencefragment"
                editable="{Boolean}true"
                fragmentVariationPath="/content/experience-fragments/honda/us/en/site/header/master"/>
            <responsivegrid
                jcr:primaryType="nt:unstructured"
                sling:resourceType="wcm/foundation/components/responsivegrid"
                editable="{Boolean}true">
                <alt
                    jcr:created="{Date}2025-05-15T14:18:55.259+05:30"
                    jcr:createdBy="admin"
                    jcr:lastModified="{Date}2025-05-15T14:18:55.259+05:30"
                    jcr:lastModifiedBy="admin"
                    jcr:primaryType="nt:unstructured"
                    sling:resourceType="honda/components/alt">
                    <one
                        jcr:primaryType="nt:unstructured"
                        sling:resourceType="wcm/foundation/components/responsivegrid">
                        <image
                            jcr:created="{Date}2025-05-15T14:59:54.792+05:30"
                            jcr:createdBy="admin"
                            jcr:lastModified="{Date}2025-05-15T15:00:21.709+05:30"
                            jcr:lastModifiedBy="admin"
                            jcr:primaryType="nt:unstructured"
                            sling:resourceType="honda/components/image"
                            alt="Honda Marine"
                            altValueFromDAM="false"
                            displayPopupTitle="true"
                            fileReference="/content/dam/honda/images/honda-marine.svg"
                            imageFromPageImage="false"
                            isDecorative="false"
                            linkTarget="_self"
                            titleValueFromDAM="true">
                            <cq:responsive jcr:primaryType="nt:unstructured">
                                <default
                                    jcr:primaryType="nt:unstructured"
                                    offset="0"
                                    width="5"/>
                            </cq:responsive>
                        </image>
                        <title
                            jcr:created="{Date}2025-05-15T14:20:43.844+05:30"
                            jcr:createdBy="admin"
                            jcr:lastModified="{Date}2025-05-15T14:59:26.082+05:30"
                            jcr:lastModifiedBy="admin"
                            jcr:primaryType="nt:unstructured"
                            jcr:title="   "
                            sling:resourceType="honda/components/title"
                            linkTarget="_self"
                            type="h1">
                            <cq:responsive jcr:primaryType="nt:unstructured">
                                <default
                                    jcr:primaryType="nt:unstructured"
                                    offset="0"
                                    width="7"/>
                            </cq:responsive>
                        </title>
                        <text
                            jcr:created="{Date}2025-05-15T15:01:21.933+05:30"
                            jcr:createdBy="admin"
                            jcr:lastModified="{Date}2025-05-15T15:03:21.744+05:30"
                            jcr:lastModifiedBy="admin"
                            jcr:primaryType="nt:unstructured"
                            sling:resourceType="honda/components/text"
                            text="&lt;p>&amp;nbsp;&lt;/p>&#xd;&#xa;&lt;blockquote>&lt;b>&lt;a href=&quot;https://marine.honda.com/parts/propeller-calculator&quot; target=&quot;_blank&quot;>Click Here&lt;/a> &lt;/b>for Propeller Selection Calculator.&lt;/blockquote>&#xd;&#xa;"
                            textIsRich="true"/>
                    </one>
                </alt>
            </responsivegrid>
            <experiencefragment-footer
                jcr:lastModified="{Date}2025-05-12T10:28:29.499+05:30"
                jcr:lastModifiedBy="admin"
                jcr:primaryType="nt:unstructured"
                sling:resourceType="honda/components/experiencefragment"
                editable="{Boolean}true"
                fragmentVariationPath="/content/experience-fragments/honda/us/en/site/footer/master"/>
        </root>
    </jcr:content>
</jcr:root>
