<?xml version="1.0" encoding="UTF-8"?>
<jcr:root xmlns:jcr="http://www.jcp.org/jcr/1.0" xmlns:nt="http://www.jcp.org/jcr/nt/1.0" xmlns:rep="internal" xmlns:sling="http://sling.apache.org/jcr/sling/1.0" xmlns:cq="http://www.day.com/jcr/cq/1.0"
    jcr:mixinTypes="[rep:AccessControllable]"
    jcr:primaryType="sling:OrderedFolder">
    <jcr:content
        cq:conf="/conf/honda"
        jcr:primaryType="nt:unstructured"
        jcr:title="Honda">
        <folderThumbnail/>
    </jcr:content>
    <asset.jpg/>
    <images/>
    <rep:policy/>
    <documents/>
    <Honda_Logo.svg/>
    <sideHonda.png/>
    <hero-banner_with_bgc.png/>
</jcr:root>
