<?xml version="1.0" encoding="UTF-8"?>
<jcr:root xmlns:jcr="http://www.jcp.org/jcr/1.0" xmlns:nt="http://www.jcp.org/jcr/nt/1.0" xmlns:oak="http://jackrabbit.apache.org/oak/ns/1.0" xmlns:rep="internal"
    jcr:mixinTypes="[rep:AccessControllable]"
    jcr:primaryType="nt:unstructured">
    <ntFolderDamLucene-9/>
    <socialLucene/>
    <assetLinkShare-1/>
    <cmLucene-2/>
    <damAssetStateIndex-7/>
    <jcrLanguage/>
    <cqTagLucene-3/>
    <versionStoreIndex/>
    <guidesKonnect-1/>
    <repMembers/>
    <assetPrefixNodename-1/>
    <cqReportsLucene/>
    <commerceLucene/>
    <counter/>
    <authorizables/>
    <internalVerificationLucene/>
    <guidesProperties-1/>
    <aemformsAFReferenceLuceneIndex-1/>
    <guidesPeerLinks-1/>
    <formsTemplateLucene/>
    <externalPrincipalNames/>
    <slingQuickSites-1/>
    <cqProjectLucene/>
    <fragments-11/>
    <acPrincipalName/>
    <slingeventJob-2/>
    <uuid/>
    <slingResourceResolver-3/>
    <ntBaseLucene-2/>
    <experienceFragmentsIndex-3/>
    <repAccessControllableDamLucene-1/>
    <ntFileFolderLucene/>
    <pathReference/>
    <rep:policy/>
    <workflowDataLucene-2/>
    <graphqlConfig-2/>
    <cqPayloadPath/>
    <appsLibsLucene/>
    <nodetypeLucene/>
    <guidesAssetProperties-1/>
    <nodetype/>
    <reference/>
    <models-2/>
    <contentFragments-1/>
    <siteEditorIndex-1/>
    <screensSmartSyncJcrPrimaryType/>
    <principalName/>
    <repTokenIndex/>
    <hondaIndex
        jcr:primaryType="oak:QueryIndexDefinition"
        async="[async,nrt]"
        compatVersion="{Long}2"
        evalOnCommit="async"
        evaluatePathRestrictions="{Boolean}true"
        includedPaths="[/content/honda]"
        reindex="{Boolean}false"
        reindexCount="{Long}2"
        seed="{Long}-1118098128242523610"
        type="lucene">
        <aggregates jcr:primaryType="nt:unstructured">
            <nt:folder jcr:primaryType="nt:unstructured">
                <include0
                    jcr:primaryType="nt:unstructured"
                    path="jcr:content"/>
            </nt:folder>
        </aggregates>
        <indexRules jcr:primaryType="nt:unstructured">
            <nt:folder jcr:primaryType="nt:unstructured">
                <properties jcr:primaryType="nt:unstructured">
                    <jcrTitle
                        jcr:primaryType="nt:unstructured"
                        name="jcr:content/jcr:title"
                        nodeScopeIndex="{Boolean}true"
                        useInSpellcheck="{Boolean}true"
                        useInSuggest="{Boolean}true"/>
                    <jcrCreated
                        jcr:primaryType="nt:unstructured"
                        name="jcr:created"
                        ordered="{Boolean}true"
                        propertyIndex="{Boolean}true"
                        type="Date"/>
                    <brandPortalReplicationAction
                        jcr:primaryType="nt:unstructured"
                        name="jcr:content/dam:portalReplicationAction"
                        propertyIndex="{Boolean}true"/>
                    <nodeName
                        jcr:primaryType="nt:unstructured"
                        function="fn:lower-case(fn:name())"
                        ordered="{Boolean}true"
                        propertyIndex="{Boolean}true"/>
                    <createModifiedCombined
                        jcr:primaryType="nt:unstructured"
                        function="fn:coalesce(jcr:content/@jcr:lastModified, @jcr:created)"
                        ordered="{Boolean}true"
                        propertyIndex="{Boolean}true"/>
                    <cqDiscardState
                        jcr:primaryType="nt:unstructured"
                        name="jcr:content/cq:discardState"
                        propertyIndex="{Boolean}true"/>
                    <cloudSourcingEnabled
                        jcr:primaryType="nt:unstructured"
                        name="jcr:content/cloudSourcingEnabled"
                        propertyIndex="{Boolean}true"
                        type="Boolean"/>
                    <cloudSourcingUsers
                        jcr:primaryType="nt:unstructured"
                        name="jcr:content/cloudSourcingUsers"
                        propertyIndex="{Boolean}true"/>
                    <title
                        jcr:primaryType="nt:unstructured"
                        function="fn:lower-case(fn:coalesce(jcr:content/metadata/@dc:title, jcr:content/@jcr:title))"
                        ordered="{Boolean}true"
                        propertyIndex="{Boolean}true"/>
                    <cqDiscardedBy
                        jcr:primaryType="nt:unstructured"
                        name="jcr:content/cq:discardedBy"
                        propertyIndex="{Boolean}true"/>
                    <cqDiscardDate
                        jcr:primaryType="nt:unstructured"
                        name="jcr:content/cq:discardDate"
                        ordered="{Boolean}true"
                        propertyIndex="{Boolean}true"
                        type="Date"/>
                    <folderMetadataSchema
                        jcr:primaryType="nt:unstructured"
                        name="jcr:content/folderMetadataSchema"
                        propertyIndex="{Boolean}true"
                        type="String"/>
                    <damMetadataForm
                        jcr:primaryType="nt:unstructured"
                        name="jcr:content/dam:metadataForm"
                        propertyIndex="{Boolean}true"
                        type="String"/>
                </properties>
            </nt:folder>
        </indexRules>
    </hondaIndex>
    <damAssetLucene-11/>
    <damCollectionLucene-4/>
    <externalId/>
    <designFiles-1/>
    <slingSitemaps-1/>
    <authorizableId/>
    <cqPageLucene/>
    <packageLucene/>
    <screensContentJcrPrimaryType/>
</jcr:root>
