<?xml version="1.0" encoding="UTF-8"?>
<jcr:root xmlns:jcr="http://www.jcp.org/jcr/1.0" xmlns:nt="http://www.jcp.org/jcr/nt/1.0" xmlns:rep="internal" xmlns:cq="http://www.day.com/jcr/cq/1.0" xmlns:sling="http://sling.apache.org/jcr/sling/1.0"
    jcr:mixinTypes="[rep:AccessControllable]"
    jcr:primaryType="cq:Page">
    <jcr:content
        cq:lastModified="{Date}2025-05-13T15:28:17.897+05:30"
        cq:lastModifiedBy="admin"
        cq:template="/conf/honda/settings/wcm/templates/page-content"
        jcr:primaryType="cq:PageContent"
        jcr:title="home"
        sling:resourceType="honda/components/page">
        <root
            jcr:primaryType="nt:unstructured"
            sling:resourceType="honda/components/container"
            layout="responsiveGrid">
            <container
                jcr:primaryType="nt:unstructured"
                sling:resourceType="honda/components/container"
                layout="responsiveGrid">
                <title
                    jcr:primaryType="nt:unstructured"
                    sling:resourceType="honda/components/title"/>
                <container
                    jcr:primaryType="nt:unstructured"
                    sling:resourceType="honda/components/container"
                    layout="responsiveGrid">
                    <hero
                        jcr:created="{Date}2025-05-13T15:06:34.157+05:30"
                        jcr:createdBy="admin"
                        jcr:lastModified="{Date}2025-05-13T15:28:17.886+05:30"
                        jcr:lastModifiedBy="admin"
                        jcr:primaryType="nt:unstructured"
                        sling:resourceType="honda/components/hero"
                        altText="Hero"
                        heroImage="/content/dam/honda/hero-banner_with_bgc.png"
                        update1Link="https://hondanews.com/en-US/honda-corporate/releases/release-b3ba5cda65d13af1267a6bcd3c08ad20-american-honda-posts-multiple-april-sales-records-powered-by-new-models-and-improving-supply"
                        update1Text="What's new Updated"
                        update2Link="https://hondanews.com/en-US/honda-corporate/releases/release-b3ba5cda65d13af1267a6bcd3c08ad20-american-honda-posts-multiple-april-sales-records-powered-by-new-models-and-improving-supply"
                        update2Text="Sales New Flash Updated"
                        update3Link="https://hondanews.com/en-US/honda-corporate/releases/release-b3ba5cda65d13af1267a6bcd3c08ad20-american-honda-posts-multiple-april-sales-records-powered-by-new-models-and-improving-supply"
                        update3Text="Parts and Service New Flash Updated">
                        <cq:responsive jcr:primaryType="nt:unstructured">
                            <default
                                jcr:primaryType="nt:unstructured"
                                offset="0"
                                width="12"/>
                        </cq:responsive>
                    </hero>
                </container>
            </container>
        </root>
    </jcr:content>
    <rep:policy/>
</jcr:root>
