<?xml version="1.0" encoding="UTF-8"?>
<jcr:root xmlns:jcr="http://www.jcp.org/jcr/1.0" xmlns:nt="http://www.jcp.org/jcr/nt/1.0" xmlns:rep="internal" xmlns:cq="http://www.day.com/jcr/cq/1.0" xmlns:sling="http://sling.apache.org/jcr/sling/1.0"
    jcr:mixinTypes="[rep:AccessControllable]"
    jcr:primaryType="cq:Page">
    <jcr:content
        cq:lastModified="{Date}2025-05-13T14:04:41.712+05:30"
        cq:lastModifiedBy="admin"
        cq:template="/conf/honda/settings/wcm/templates/page-content"
        jcr:mixinTypes="[]"
        jcr:primaryType="cq:PageContent"
        jcr:title="Home"
        sling:resourceType="honda/components/page">
        <root
            jcr:lastModified="{Date}2025-05-12T09:58:45.349+05:30"
            jcr:lastModifiedBy="admin"
            jcr:mixinTypes="[]"
            jcr:primaryType="nt:unstructured"
            sling:resourceType="wcm/foundation/components/responsivegrid">
            <experiencefragment-header
                jcr:lastModified="{Date}2025-05-12T10:28:10.775+05:30"
                jcr:lastModifiedBy="admin"
                jcr:primaryType="nt:unstructured"
                sling:resourceType="honda/components/experiencefragment"
                editable="{Boolean}true"
                fragmentVariationPath="/content/experience-fragments/honda/us/en/site/header/master"/>
            <responsivegrid
                jcr:primaryType="nt:unstructured"
                sling:resourceType="wcm/foundation/components/responsivegrid"
                editable="{Boolean}true"/>
            <experiencefragment-footer
                jcr:lastModified="{Date}2025-05-12T10:28:29.499+05:30"
                jcr:lastModifiedBy="admin"
                jcr:primaryType="nt:unstructured"
                sling:resourceType="honda/components/experiencefragment"
                editable="{Boolean}true"
                fragmentVariationPath="/content/experience-fragments/honda/us/en/site/footer/master"/>
        </root>
        <cq:featuredimage
            jcr:lastModified="{Date}2025-05-12T11:22:48.895+05:30"
            jcr:lastModifiedBy="admin"
            jcr:primaryType="nt:unstructured"
            sling:resourceType="core/wcm/components/image/v3/image"
            altValueFromDAM="false"/>
    </jcr:content>
    <home/>
    <sales/>
    <service/>
    <parts/>
    <f-i---hfs/>
    <executive-management/>
    <business-office/>
    <online-university/>
    <search/>
    <login/>
    <rep:policy/>
    <system-admin/>
</jcr:root>
