<?xml version="1.0" encoding="UTF-8"?>
<jcr:root xmlns:jcr="http://www.jcp.org/jcr/1.0" xmlns:nt="http://www.jcp.org/jcr/nt/1.0" xmlns:cq="http://www.day.com/jcr/cq/1.0" xmlns:sling="http://sling.apache.org/jcr/sling/1.0"
    jcr:primaryType="cq:Page">
    <jcr:content
        cq:lastModified="{Date}2025-05-16T21:34:11.104+05:30"
        cq:lastModifiedBy="admin"
        cq:template="/conf/honda/settings/wcm/templates/page-content"
        jcr:description="Parts page"
        jcr:primaryType="cq:PageContent"
        jcr:title="Parts Order"
        sling:resourceType="honda/components/page"
        pwaCachestrategy="staleWhileRevalidate"
        pwaDisplay="standalone"
        pwaOrientation="any">
        <root
            jcr:lastModified="{Date}2025-05-12T09:58:45.349+05:30"
            jcr:lastModifiedBy="admin"
            jcr:primaryType="nt:unstructured"
            sling:resourceType="wcm/foundation/components/responsivegrid">
            <experiencefragment-header
                jcr:lastModified="{Date}2025-05-13T11:32:57.411+05:30"
                jcr:lastModifiedBy="admin"
                jcr:primaryType="nt:unstructured"
                sling:resourceType="honda/components/experiencefragment"
                editable="{Boolean}true"
                fragmentVariationPath="/content/experience-fragments/honda/us/en/site/header/master"/>
            <responsivegrid
                jcr:primaryType="nt:unstructured"
                sling:resourceType="wcm/foundation/components/responsivegrid"
                editable="{Boolean}true">
                <alt
                    jcr:created="{Date}2025-05-15T17:36:45.091+05:30"
                    jcr:createdBy="admin"
                    jcr:lastModified="{Date}2025-05-15T17:36:45.091+05:30"
                    jcr:lastModifiedBy="admin"
                    jcr:primaryType="nt:unstructured"
                    sling:resourceType="honda/components/alt">
                    <one
                        jcr:primaryType="nt:unstructured"
                        sling:resourceType="wcm/foundation/components/responsivegrid">
                        <enhancedroi
                            jcr:created="{Date}2025-05-15T17:39:15.587+05:30"
                            jcr:createdBy="admin"
                            jcr:lastModified="{Date}2025-05-16T21:34:11.101+05:30"
                            jcr:lastModifiedBy="admin"
                            jcr:primaryType="nt:unstructured"
                            sling:resourceType="honda/components/enhancedroi"
                            clearButtonType="outline"
                            searchButtonType="primary"
                            showSpinner="true">
                            <searchOptions jcr:primaryType="nt:unstructured">
                                <item0
                                    jcr:primaryType="nt:unstructured"
                                    text="Dealer Info"
                                    value="dealerinfo"/>
                                <item1
                                    jcr:primaryType="nt:unstructured"
                                    text="Order Time"
                                    value="ordertime"/>
                            </searchOptions>
                        </enhancedroi>
                    </one>
                </alt>
            </responsivegrid>
            <experiencefragment-footer
                jcr:lastModified="{Date}2025-05-12T10:28:29.499+05:30"
                jcr:lastModifiedBy="admin"
                jcr:primaryType="nt:unstructured"
                sling:resourceType="honda/components/experiencefragment"
                editable="{Boolean}true"
                fragmentVariationPath="/content/experience-fragments/honda/us/en/site/footer/master"/>
        </root>
        <cq:featuredimage
            jcr:lastModified="{Date}2025-05-16T19:14:37.201+05:30"
            jcr:lastModifiedBy="admin"
            jcr:primaryType="nt:unstructured"
            sling:resourceType="core/wcm/components/image/v3/image"
            altValueFromDAM="false"/>
    </jcr:content>
</jcr:root>
