<?xml version="1.0" encoding="UTF-8"?>
<jcr:root xmlns:jcr="http://www.jcp.org/jcr/1.0" xmlns:nt="http://www.jcp.org/jcr/nt/1.0" xmlns:mix="http://www.jcp.org/jcr/mix/1.0" xmlns:cq="http://www.day.com/jcr/cq/1.0" xmlns:sling="http://sling.apache.org/jcr/sling/1.0"
    jcr:primaryType="cq:Page">
    <jcr:content
        cq:lastModified="{Date}2025-05-16T20:24:47.707+05:30"
        cq:lastModifiedBy="admin"
        cq:template="/conf/honda/settings/wcm/templates/page-content"
        jcr:isCheckedOut="{Boolean}true"
        jcr:mixinTypes="[mix:versionable]"
        jcr:primaryType="cq:PageContent"
        jcr:title="Online University"
        jcr:uuid="36946739-9569-4eb0-852e-16c6f673dde2"
        sling:resourceType="honda/components/page">
        <root
            jcr:lastModified="{Date}2025-05-12T09:58:45.349+05:30"
            jcr:lastModifiedBy="admin"
            jcr:primaryType="nt:unstructured"
            sling:resourceType="wcm/foundation/components/responsivegrid">
            <experiencefragment-header
                jcr:lastModified="{Date}2025-05-13T11:32:57.411+05:30"
                jcr:lastModifiedBy="admin"
                jcr:primaryType="nt:unstructured"
                sling:resourceType="honda/components/experiencefragment"
                editable="{Boolean}true"
                fragmentVariationPath="/content/experience-fragments/honda/us/en/site/header/master"/>
            <responsivegrid
                jcr:primaryType="nt:unstructured"
                sling:resourceType="wcm/foundation/components/responsivegrid"
                editable="{Boolean}true">
                <alt
                    jcr:created="{Date}2025-05-16T20:23:46.369+05:30"
                    jcr:createdBy="admin"
                    jcr:lastModified="{Date}2025-05-16T20:23:46.369+05:30"
                    jcr:lastModifiedBy="admin"
                    jcr:primaryType="nt:unstructured"
                    sling:resourceType="honda/components/alt">
                    <one
                        jcr:primaryType="nt:unstructured"
                        sling:resourceType="wcm/foundation/components/responsivegrid">
                        <text
                            jcr:created="{Date}2025-05-16T20:23:52.098+05:30"
                            jcr:createdBy="admin"
                            jcr:lastModified="{Date}2025-05-16T20:24:38.632+05:30"
                            jcr:lastModifiedBy="admin"
                            jcr:primaryType="nt:unstructured"
                            sling:resourceType="honda/components/text"
                            text="&lt;h3>Welcome to a revolutionary electric hybrid technology that provides a dynamic electrifying acceleration along with high fuel efficiency. Combined with Honda Sensing it is ready for both what’s ahead on the road and the future of the planet. Simply put, it thinks ahead.&lt;/h3>&#xd;&#xa;"
                            textIsRich="true"/>
                        <image
                            jcr:created="{Date}2025-05-16T20:23:58.115+05:30"
                            jcr:createdBy="admin"
                            jcr:lastModified="{Date}2025-05-16T20:24:01.960+05:30"
                            jcr:lastModifiedBy="admin"
                            jcr:primaryType="nt:unstructured"
                            sling:resourceType="honda/components/image"
                            fileReference="/content/dam/honda/images/online-uni.png"
                            imageFromPageImage="false">
                            <cq:responsive jcr:primaryType="nt:unstructured">
                                <default
                                    jcr:primaryType="nt:unstructured"
                                    offset="1"
                                    width="11"/>
                            </cq:responsive>
                        </image>
                    </one>
                </alt>
            </responsivegrid>
            <experiencefragment-footer
                jcr:lastModified="{Date}2025-05-12T10:28:29.499+05:30"
                jcr:lastModifiedBy="admin"
                jcr:primaryType="nt:unstructured"
                sling:resourceType="honda/components/experiencefragment"
                editable="{Boolean}true"
                fragmentVariationPath="/content/experience-fragments/honda/us/en/site/footer/master"/>
        </root>
    </jcr:content>
</jcr:root>
