<?xml version="1.0" encoding="UTF-8"?>
<jcr:root xmlns:sling="http://sling.apache.org/jcr/sling/1.0" xmlns:granite="http://www.adobe.com/jcr/granite/1.0" xmlns:cq="http://www.day.com/jcr/cq/1.0" xmlns:jcr="http://www.jcp.org/jcr/1.0" xmlns:nt="http://www.jcp.org/jcr/nt/1.0"
    jcr:primaryType="nt:unstructured"
    jcr:title="Navigation"
    sling:resourceType="cq/gui/components/authoring/dialog"
    extraClientlibs="[core.wcm.components.navigation.v1.editor]"
    helpPath="https://www.adobe.com/go/aem_cmp_navigation_v2"
    trackingFeature="core-components:navigation:v2">
    <content
        granite:class="cmp-navigation__editor"
        jcr:primaryType="nt:unstructured"
        sling:resourceType="granite/ui/components/coral/foundation/container">
        <items jcr:primaryType="nt:unstructured">
            <tabs
                jcr:primaryType="nt:unstructured"
                sling:resourceType="granite/ui/components/coral/foundation/tabs"
                maximized="{Boolean}true">
                <items jcr:primaryType="nt:unstructured">
                    <properties
                        jcr:primaryType="nt:unstructured"
                        jcr:title="Properties"
                        sling:resourceType="granite/ui/components/coral/foundation/container"
                        margin="{Boolean}true">
                        <items jcr:primaryType="nt:unstructured">
                            <columns
                                jcr:primaryType="nt:unstructured"
                                sling:resourceType="granite/ui/components/coral/foundation/fixedcolumns"
                                margin="{Boolean}true">
                                <items jcr:primaryType="nt:unstructured">
                                    <column
                                        jcr:primaryType="nt:unstructured"
                                        sling:resourceType="granite/ui/components/coral/foundation/container">
                                        <items jcr:primaryType="nt:unstructured">
                                            <logo
                                                jcr:primaryType="nt:unstructured"
                                                sling:resourceType="granite/ui/components/coral/foundation/form/pathfield"
                                                fieldDescription="Browse to the logo."
                                                fieldLabel="Logo"
                                                name="./logo"
                                                rootPath="/content/dam/honda"/>
                                            <logolink
                                                jcr:primaryType="nt:unstructured"
                                                sling:resourceType="granite/ui/components/coral/foundation/form/pathfield"
                                                fieldDescription="Browse to the logo."
                                                fieldLabel="Logo Link"
                                                name="./linkURL"
                                                rootPath="/content/honda"/>
                                            <nav
                                                jcr:primaryType="nt:unstructured"
                                                sling:resourceType="granite/ui/components/coral/foundation/form/pathfield"
                                                fieldDescription="Browse to the logo."
                                                fieldLabel="Navigation Root"
                                                name="./rootPage"
                                                rootPath="/content/honda"/>
                                            <id
                                                jcr:primaryType="nt:unstructured"
                                                sling:resourceType="granite/ui/components/coral/foundation/form/textfield"
                                                fieldDescription="HTML ID attribute to apply to the component."
                                                fieldLabel="ID"
                                                name="./id"
                                                validation="html-unique-id-validator"/>
                                        </items>
                                    </column>
                                </items>
                            </columns>
                        </items>
                    </properties>
                    <search
                        jcr:primaryType="nt:unstructured"
                        jcr:title="Search"
                        sling:resourceType="granite/ui/components/coral/foundation/container"
                        margin="{Boolean}true">
                        <items jcr:primaryType="nt:unstructured">
                            <columns
                                jcr:primaryType="nt:unstructured"
                                sling:resourceType="granite/ui/components/coral/foundation/fixedcolumns"
                                margin="{Boolean}true">
                                <items jcr:primaryType="nt:unstructured">
                                    <column
                                        jcr:primaryType="nt:unstructured"
                                        sling:resourceType="granite/ui/components/coral/foundation/container">
                                        <items jcr:primaryType="nt:unstructured">
                                            <logo
                                                jcr:primaryType="nt:unstructured"
                                                sling:resourceType="granite/ui/components/coral/foundation/form/pathfield"
                                                fieldDescription="Browse to the logo."
                                                fieldLabel="Search Icon"
                                                name="./searchIcon"/>
                                            <clogo
                                                jcr:primaryType="nt:unstructured"
                                                sling:resourceType="granite/ui/components/coral/foundation/form/pathfield"
                                                fieldDescription="Browse to the logo."
                                                fieldLabel="Country Logo"
                                                name="./cIcon"/>
                                            <searchRoot
                                                jcr:primaryType="nt:unstructured"
                                                sling:resourceType="cq/gui/components/coral/common/form/pagefield"
                                                fieldDescription="The root page from which to search in. Can be a blueprint master, language master or regular page."
                                                fieldLabel="Search Root"
                                                name="./searchRoot"
                                                required="{Boolean}true"
                                                rootPath="/content"
                                                value="${not empty cqDesign.searchRoot ? cqDesign.searchRoot : ''}"/>
                                            <id
                                                jcr:primaryType="nt:unstructured"
                                                sling:resourceType="granite/ui/components/coral/foundation/form/textfield"
                                                fieldDescription="HTML ID attribute to apply to the component."
                                                fieldLabel="ID"
                                                name="./id"
                                                validation="html-unique-id-validator"/>
                                        </items>
                                    </column>
                                </items>
                            </columns>
                        </items>
                    </search>
                    <accessibility
                        jcr:primaryType="nt:unstructured"
                        jcr:title="Accessibility"
                        sling:resourceType="granite/ui/components/coral/foundation/container"
                        margin="{Boolean}true">
                        <items jcr:primaryType="nt:unstructured">
                            <columns
                                jcr:primaryType="nt:unstructured"
                                sling:resourceType="granite/ui/components/coral/foundation/fixedcolumns"
                                margin="{Boolean}true">
                                <items jcr:primaryType="nt:unstructured">
                                    <column
                                        jcr:primaryType="nt:unstructured"
                                        sling:resourceType="granite/ui/components/coral/foundation/container">
                                        <items jcr:primaryType="nt:unstructured">
                                            <accessibilityLabel
                                                jcr:primaryType="nt:unstructured"
                                                sling:resourceType="granite/ui/components/coral/foundation/form/textfield"
                                                fieldDescription="Value of an aria-label attribute for the navigation. Should be added if there is more than one navigation on the page."
                                                fieldLabel="Label"
                                                name="./accessibilityLabel"
                                                value=""/>
                                        </items>
                                    </column>
                                </items>
                            </columns>
                        </items>
                    </accessibility>
                    <styletab
                        jcr:primaryType="nt:unstructured"
                        sling:resourceType="granite/ui/components/coral/foundation/include"
                        path="/mnt/overlay/cq/gui/components/authoring/dialog/style/tab_edit/styletab"/>
                </items>
            </tabs>
        </items>
    </content>
</jcr:root>
