<?xml version="1.0" encoding="UTF-8"?>
<jcr:root xmlns:sling="http://sling.apache.org/jcr/sling/1.0" xmlns:cq="http://www.day.com/jcr/cq/1.0" xmlns:jcr="http://www.jcp.org/jcr/1.0" xmlns:nt="http://www.jcp.org/jcr/nt/1.0"
    jcr:primaryType="nt:unstructured"
    jcr:title="Quick Search"
    sling:resourceType="cq/gui/components/authoring/dialog"
    helpPath="https://www.adobe.com/go/aem_cmp_search_v2">
    <content
        jcr:primaryType="nt:unstructured"
        sling:resourceType="granite/ui/components/coral/foundation/container">
        <items jcr:primaryType="nt:unstructured">
            <tabs
                jcr:primaryType="nt:unstructured"
                sling:resourceType="granite/ui/components/coral/foundation/tabs"
                maximized="{Boolean}true">
                <items jcr:primaryType="nt:unstructured">
                    <properties
                        jcr:primaryType="nt:unstructured"
                        jcr:title="Properties"
                        sling:resourceType="granite/ui/components/coral/foundation/container"
                        margin="{Boolean}true">
                        <items jcr:primaryType="nt:unstructured">
                            <searchRoot
                                jcr:primaryType="nt:unstructured"
                                sling:resourceType="cq/gui/components/coral/common/form/pagefield"
                                fieldDescription="The root page from which to search in. Can be a blueprint source, language source or regular page."
                                fieldLabel="Search Root"
                                name="./searchRoot"
                                required="{Boolean}true"
                                rootPath="/content"/>
                            <resultsSize
                                jcr:primaryType="nt:unstructured"
                                sling:resourceType="granite/ui/components/coral/foundation/form/numberfield"
                                fieldDescription="Maximal number of results fetched by a search request"
                                fieldLabel="Results Size"
                                min="1"
                                name="./resultsSize"
                                step="1"
                                value="10"/>
                            <searchTermMinimumLength
                                jcr:primaryType="nt:unstructured"
                                sling:resourceType="granite/ui/components/coral/foundation/form/numberfield"
                                fieldDescription="Minimum length of the search term to start the search"
                                fieldLabel="Search Term Minimum Length"
                                min="1"
                                name="./searchTermMinimumLength"
                                step="1"
                                value="3"/>
                        </items>
                    </properties>
                    <styletab
                        jcr:primaryType="nt:unstructured"
                        sling:resourceType="granite/ui/components/coral/foundation/include"
                        path="/mnt/overlay/cq/gui/components/authoring/dialog/style/tab_design/styletab"/>
                </items>
            </tabs>
        </items>
    </content>
</jcr:root>
